,,,model,task,pe_technique,correct,total,accuracy,created_at,mean_length,median_length,std_length,min_length,max_length,mean_time_taken,median_time_taken,std_time_taken,min_time_taken,max_time_taken,total_time_taken
palm-2-chat,anli,zero-shot,palm-2-chat,anli,zero-shot,484,1200,40.33333333333333,2023-11-25-22-02-34,940.5033333333333,893,364.2159844408566,0,3673,3.8569645385909825,3.707465600222349,1.1608788996231245,1.3793334998190403,12.51705839857459,4628.357446309179
palm-2-chat,anli,null-shot-cot,palm-2-chat,anli,null-shot-cot,379,1200,31.583333333333336,2023-11-26-02-08-54,1287.1808333333333,1200,494.8131514009158,0,4658,5.207829216262326,4.887037102133036,1.7672919661815205,2.3171733990311623,18.85580150038004,6249.395059514791
palm-2-chat,anli,zero-shot-cot,palm-2-chat,anli,zero-shot-cot,265,1200,22.083333333333332,2023-11-26-00-44-52,1037.3766666666668,977,375.73492401189185,0,3745,4.1745886529237035,3.947783697396517,1.3179732272674598,1.9291322007775307,19.959721602499485,5009.506383508444
palm-2-chat,anli,null-shot,palm-2-chat,anli,null-shot,492,1200,41.0,2023-11-25-23-20-14,1038.0625,965,424.7949469180199,0,4658,4.202484760107472,3.9809421002864838,1.3716854453904888,1.4795932993292809,16.87545619904995,5042.981712128967
palm-2-chat,triviaqa,zero-shot,palm-2-chat,triviaqa,zero-shot,702,1000,70.19999999999999,2023-11-30-18-21-03,997.997,1001,618.8582075007166,0,3962,4.7383611883185806,4.5741207003593445,2.3000546769233865,0.9430684000253677,17.26277069747448,4738.36118831858
palm-2-chat,triviaqa,null-shot-cot,palm-2-chat,triviaqa,null-shot-cot,691,1000,69.1,2023-11-30-22-40-43,1320.976,1292,695.2354733642411,0,4586,6.119476213432849,5.753810800611973,2.5626670991474847,1.0202217027544975,17.402907200157642,6119.476213432848
palm-2-chat,triviaqa,zero-shot-cot,palm-2-chat,triviaqa,zero-shot-cot,706,1000,70.6,2023-11-30-21-04-05,1284.184,1249,627.0999219773513,0,4762,5.766148494888097,5.454250700771809,2.295807141118598,0.9088634997606277,18.671475399285555,5766.148494888097
palm-2-chat,triviaqa,null-shot,palm-2-chat,triviaqa,null-shot,701,1000,70.1,2023-11-30-19-40-32,1065.581,1070,712.3335914015285,0,9320,4.980533121712506,4.887268900871277,2.469156037632341,0.9323281981050968,19.27046550065279,4980.533121712506
palm-2-chat,race-m,zero-shot,palm-2-chat,race-m,zero-shot,583,1436,40.598885793871865,2023-11-29-16-42-42,737.766016713092,704,452.6517500371669,0,2797,3.5323256438048065,3.341177199035883,1.5963332740810996,1.0240644998848438,21.61748730018735,5072.419624503702
palm-2-chat,race-m,null-shot-cot,palm-2-chat,race-m,null-shot-cot,574,1436,39.97214484679666,2023-11-29-21-07-15,852.9888579387186,810,452.9789081632354,0,4027,3.931216847662578,3.6599624007940292,1.5442473049877605,1.2678900994360447,19.487682800740004,5645.227393243462
palm-2-chat,race-m,zero-shot-cot,palm-2-chat,race-m,zero-shot-cot,586,1436,40.807799442896936,2023-11-29-19-32-15,851.0362116991644,795,464.5621340623769,0,4048,3.9419568589081715,3.688926201313734,1.5604233062278716,1.3890467025339603,17.228672299534082,5660.650049392134
palm-2-chat,race-m,null-shot,palm-2-chat,race-m,null-shot,496,1436,34.540389972144844,2023-11-29-18-07-53,746.8189415041783,700,453.0071842703496,0,3289,3.4968578770502488,3.283372201025486,1.5302574553273764,0.9094566032290459,13.037568498402834,5021.487911444157
palm-2-chat,strategyqa,zero-shot,palm-2-chat,strategyqa,zero-shot,1300,2290,56.76855895196506,2023-11-20-18-25-26,877.1419213973799,851,580.6940121557245,0,5509,3.9985289969050437,3.92029170319438,2.0142841168527537,0.9327392987906933,17.352367500017863,9156.63140291255
palm-2-chat,strategyqa,null-shot-cot,palm-2-chat,strategyqa,null-shot-cot,1303,2290,56.89956331877729,2023-11-21-02-51-25,1063.4340611353712,1030,623.2408418597978,0,4753,4.840327452404595,4.558982901275158,2.3652739290536156,1.0189846009016037,27.39078989997506,11084.349866006523
palm-2-chat,strategyqa,zero-shot-cot,palm-2-chat,strategyqa,zero-shot-cot,1124,2290,49.082969432314414,2023-11-21-00-06-56,963.4393013100437,925,561.3826124685771,0,4778,4.282884403306779,4.122704200446606,1.9368972891005387,0.9410287030041218,17.316407598555088,9807.805283572525
palm-2-chat,strategyqa,null-shot,palm-2-chat,strategyqa,null-shot,1323,2290,57.77292576419214,2023-11-20-21-17-17,966.6017467248909,925,619.3023504070185,0,6185,4.417534959947438,4.1557032987475395,2.339485421599952,0.9973797984421253,24.74995329976082,10116.155058279634
palm-2-chat,wmt-ja-en,zero-shot,palm-2-chat,wmt-ja-en,zero-shot,0,1000,0.0,2023-11-28-23-34-33,193.382,0,486.0607082206881,0,4059,4.7458577085062865,4.906760901212692,1.6967489525213388,0.9131054989993572,17.263750299811363,4745.857708506286
palm-2-chat,wmt-ja-en,null-shot-cot,palm-2-chat,wmt-ja-en,null-shot-cot,0,1000,0.0,2023-11-29-03-30-30,1227.075,1151,932.8284951559955,0,5294,7.261234316069633,6.251493200659752,3.715463456548537,1.2388102002441883,17.596650701016188,7261.234316069633
palm-2-chat,wmt-ja-en,zero-shot-cot,palm-2-chat,wmt-ja-en,zero-shot-cot,0,1000,0.0,2023-11-29-02-08-30,426.05,0,596.1004424591557,0,3255,4.894900934066624,4.824462000280619,1.544061598367766,0.8651165030896664,17.27961790189147,4894.900934066623
palm-2-chat,wmt-ja-en,null-shot,palm-2-chat,wmt-ja-en,null-shot,0,1000,0.0,2023-11-29-00-54-14,678.237,506,787.1035616937598,0,5124,4.421244972042739,3.964562501758337,3.41800364943328,0.8664301000535488,27.81989549845457,4421.244972042739
palm-2-chat,winogrande,zero-shot,palm-2-chat,winogrande,zero-shot,717,1267,56.590370955011835,2023-11-26-19-10-26,534.3827940015785,380,412.6033824144938,0,3450,2.668015983899513,2.1501465998589993,1.4442836773162089,0.9618590995669365,17.111771501600742,3380.3762516006827
palm-2-chat,winogrande,null-shot-cot,palm-2-chat,winogrande,null-shot-cot,724,1267,57.14285714285714,2023-11-26-22-25-59,947.6164167324388,858,514.8869206960052,0,4957,4.255518057934157,3.88468050211668,1.898318851982642,1.3710843995213509,17.326999001204967,5391.741379402578
palm-2-chat,winogrande,zero-shot-cot,palm-2-chat,winogrande,zero-shot-cot,757,1267,59.74743488555643,2023-11-26-21-18-54,674.692186266772,615,396.85328567288445,0,4464,3.1531028561970333,2.9456552006304264,1.3879717781854237,1.308891799300909,17.330433398485184,3994.9813188016415
palm-2-chat,winogrande,null-shot,palm-2-chat,winogrande,null-shot,767,1267,60.53670086819258,2023-11-26-20-07-17,723.5035516969218,590,561.5405427601748,0,4893,3.3666403545441597,2.919928800314665,1.9563302104085516,0.9705449007451534,18.59882290288806,4265.53332920745
palm-2-chat,wmt-en-ja,zero-shot,palm-2-chat,wmt-en-ja,zero-shot,3,1000,0.3,2023-11-28-00-35-03,333.477,20,655.3715476514026,0,4887,3.9174250563941895,2.274269800633192,3.944981871574604,0.7632074020802975,17.26770479977131,3917.4250563941896
palm-2-chat,wmt-en-ja,null-shot-cot,palm-2-chat,wmt-en-ja,null-shot-cot,1,1000,0.1,2023-11-28-04-36-20,446.702,0,841.5717944394236,0,5064,7.8110487538091835,6.816036202013493,3.9770686565843607,0.997402798384428,37.74735379964113,7811.048753809184
palm-2-chat,wmt-en-ja,zero-shot-cot,palm-2-chat,wmt-en-ja,zero-shot-cot,0,1000,0.0,2023-11-28-03-08-31,959.696,895,748.074252720944,0,4456,5.244354780849069,4.64999720081687,3.172010364130262,0.8977929018437862,24.113436497747898,5244.354780849069
palm-2-chat,wmt-en-ja,null-shot,palm-2-chat,wmt-en-ja,null-shot,13,1000,1.3,2023-11-28-01-41-18,566.98,229,770.5990731891651,0,4837,5.197159045469016,4.156654499471188,4.099718119614428,0.7962112985551357,27.399896301329136,5197.159045469016
palm-2-chat,gsm8k,zero-shot,palm-2-chat,gsm8k,zero-shot,711,1319,53.904473085670965,2023-11-30-09-49-16,308.94541319181195,269,191.2827178349955,0,3335,2.5865880015155778,2.360437199473381,1.2796421174747932,0.9801617003977299,17.37362739816308,3411.7095739990473
palm-2-chat,gsm8k,null-shot-cot,palm-2-chat,gsm8k,null-shot-cot,710,1319,53.82865807429871,2023-11-30-12-47-24,417.3949962092494,337,292.08310065005264,0,2709,3.0644223640522466,2.6824428997933865,1.5933662757351787,1.3692424967885017,17.3272846005857,4041.9730981849134
palm-2-chat,gsm8k,zero-shot-cot,palm-2-chat,gsm8k,zero-shot-cot,768,1319,58.22592873388931,2023-11-30-11-46-43,347.82183472327523,297,196.50260312138343,0,1656,2.7377626728478304,2.488595299422741,1.2619740011578282,1.1530691981315613,17.246853299438953,3611.108965486288
palm-2-chat,gsm8k,null-shot,palm-2-chat,gsm8k,null-shot,727,1319,55.117513267627,2023-11-30-10-46-39,335.1592115238817,283,212.15128738265955,0,2166,2.709102596214904,2.435233101248741,1.3201777900418692,1.096865002065897,19.41609290242195,3573.3063244074583
palm-2-chat,aqua,zero-shot,palm-2-chat,aqua,zero-shot,35,254,13.779527559055119,2023-11-19-15-41-54,608.8661417322835,481,462.8842453590844,0,3749,4.364727345996836,3.3113122080103494,3.117833474669662,1.4209911669895519,17.405688625003677,1108.6407458831964
palm-2-chat,aqua,null-shot-cot,palm-2-chat,aqua,null-shot-cot,25,254,9.84251968503937,2023-11-20-10-06-09,790.7401574803149,643,521.856546683579,127,3154,5.37570593322377,4.315446624998003,3.446408807529944,1.6777100420149509,17.42860083299456,1365.4293070388376
palm-2-chat,aqua,zero-shot-cot,palm-2-chat,aqua,zero-shot-cot,28,254,11.023622047244094,2023-11-20-09-47-33,606.7834645669292,461,450.5467679611965,102,3530,4.387210055936736,3.275448000000324,3.2331004422808935,1.6345939160091802,17.412910292012384,1114.3513542079309
palm-2-chat,aqua,null-shot,palm-2-chat,aqua,null-shot,37,254,14.566929133858267,2023-11-19-16-00-23,725.6299212598425,583,476.2457233676519,59,3019,4.997822570268937,3.994062624988146,3.2080175972569416,1.171217750001233,17.34476033298415,1269.44693284831
palm-2-chat,race-h,zero-shot,palm-2-chat,race-h,zero-shot,1822,3498,52.086906803887935,2023-11-22-21-12-47,965.429388221841,909,499.4040705567463,0,4446,4.212219027509479,3.9104983024299145,1.6791867406509902,1.2032114006578922,25.76120550185442,14734.342158228159
palm-2-chat,race-h,null-shot-cot,palm-2-chat,race-h,null-shot-cot,1825,3498,52.172670097198406,2023-11-23-09-52-06,1084.7675814751287,1013,534.202421906817,0,4801,4.5961876087031275,4.238223399966955,1.7127816566345924,1.3834920972585678,17.611496102064848,16077.46425524354
palm-2-chat,race-h,zero-shot-cot,palm-2-chat,race-h,zero-shot-cot,1779,3498,50.85763293310463,2023-11-23-05-27-13,1056.7647226986849,997,508.13782536009626,0,4120,4.513489978461435,4.220037300139666,1.656104176056041,1.301960401237011,28.09097619727254,15788.1879446581
palm-2-chat,race-h,null-shot,palm-2-chat,race-h,null-shot,1717,3498,49.085191538021725,2023-11-23-01-20-17,980.0134362492853,919,483.7428722845789,0,3649,4.203545092962354,3.9074160009622574,1.6123331771798708,1.233000498265028,17.611753698438406,14704.000735182315
llama-2-chat-7b,anli,zero-shot,llama-2-chat-7b,anli,zero-shot,426,1200,35.5,2023-11-27-23-06-16,534.3075,513,147.69160868879214,144,1232,3.16004078484412,3.0643429490737617,0.8456090239045698,1.0063970149494708,7.179822203703225,3792.0489418129437
llama-2-chat-7b,anli,null-shot,llama-2-chat-7b,anli,null-shot,408,1200,34.0,2023-11-28-00-09-34,626.3241666666667,599,211.11454414441826,171,2079,3.643501172210478,3.453686424996704,1.1568176520377813,1.1565317120403051,11.57734051020816,4372.2014066525735
llama-2-chat-7b,triviaqa,zero-shot,llama-2-chat-7b,triviaqa,zero-shot,643,1000,64.3,2023-12-09-11-35-28,426.325,323,417.7389727748651,15,2434,2.627807093716692,2.0410701939836144,2.4561359732355412,0.234006323851645,16.78371694032103,2627.807093716692
llama-2-chat-7b,triviaqa,null-shot,llama-2-chat-7b,triviaqa,null-shot,629,1000,62.9,2023-12-09-12-19-21,558.685,468,401.7985437691381,65,2870,3.5489116289475935,3.028330117929727,2.416187387640058,0.5074863648042083,16.99853620165959,3548.9116289475933
llama-2-chat-7b,race-m,zero-shot,llama-2-chat-7b,race-m,zero-shot,821,1436,57.17270194986072,2023-12-07-21-57-03,341.17896935933146,294,223.49474360982614,21,2057,177.8019945313559,155.1467340179952,115.06635457186432,16.669032906065695,1038.2490559739526,255323.66414702707
llama-2-chat-7b,race-m,null-shot,llama-2-chat-7b,race-m,null-shot,689,1436,47.98050139275766,2023-12-10-20-52-29,501.4742339832869,431,519.9919447406517,91,7763,278.86052684163815,224.36512966803275,543.8435758643997,44.33653728396166,8754.632827541092,400443.7165445924
llama-2-chat-7b,strategyqa,zero-shot,llama-2-chat-7b,strategyqa,zero-shot,1208,2290,52.75109170305677,2023-11-21-11-43-08,567.9279475982532,457,360.30203312007575,56,2913,3.3733904188433783,2.7380672390572727,2.028370752682949,0.46513115894049406,18.219309949083254,7725.064059151337
llama-2-chat-7b,strategyqa,null-shot,llama-2-chat-7b,strategyqa,null-shot,1137,2290,49.65065502183406,2023-11-21-13-52-06,711.0244541484716,632,339.770351823719,162,2880,4.2959763574441405,3.8306014239788055,2.0341017857832875,1.0013256559614092,18.955264806980267,9837.785858547082
llama-2-chat-7b,winogrande,zero-shot,llama-2-chat-7b,winogrande,zero-shot,621,1267,49.01341752170482,2023-12-01-08-44-51,228.01815311760063,193,137.27155977373369,24,1491,1.3508051521638769,1.164338061120361,0.7087255254461025,0.2755141560919583,7.058055107947439,1711.470127791632
llama-2-chat-7b,winogrande,null-shot,llama-2-chat-7b,winogrande,null-shot,571,1267,45.06708760852407,2023-12-01-09-13-30,386.01183898973954,362,166.84486274997423,101,1998,2.2932933867459155,2.1420749141834676,0.9309366775796061,0.6979375751689076,12.376016739290208,2905.602721007075
llama-2-chat-7b,gsm8k,zero-shot,llama-2-chat-7b,gsm8k,zero-shot,284,1319,21.531463229719485,2023-12-05-11-27-28,553.0053070507961,509,235.0039519659485,88,2263,4.418872012727462,4.119926197919995,1.7821420165386144,0.7341455682180822,15.120266892947257,5828.492184787523
llama-2-chat-7b,gsm8k,null-shot,llama-2-chat-7b,gsm8k,null-shot,290,1319,21.986353297952995,2023-12-05-13-04-44,685.8703563305535,642,255.68917533367508,170,1993,5.35697492657595,4.967894606757909,1.9687677203154514,1.5141340997070074,14.651262697763741,7065.849928153679
llama-2-chat-7b,aqua,zero-shot,llama-2-chat-7b,aqua,zero-shot,59,254,23.228346456692915,2023-11-20-13-01-33,611.7874015748032,550,320.7382755707258,116,1992,4.990900188227969,4.50663681817241,2.5002845941246865,1.1853772460017353,17.354378230171278,1267.688647809904
llama-2-chat-7b,aqua,null-shot,llama-2-chat-7b,aqua,null-shot,62,254,24.409448818897637,2023-11-20-13-22-42,815.1653543307086,738,382.66877319789216,187,2635,6.481588485032892,5.934424194972962,2.9084056995433065,1.370202844031155,19.567435320001096,1646.3234751983546
palm-2-text,anli,zero-shot,palm-2-text,anli,zero-shot,590,1200,49.166666666666664,2023-11-24-19-12-05,0.9733333333333334,1,2.1566074180424004,0,75,0.773898513953512,0.7109967991709709,0.39177246668324023,0.37247589975595474,5.897016599774361,928.6782167442143
palm-2-text,anli,null-shot-cot,palm-2-text,anli,null-shot-cot,585,1200,48.75,2023-11-25-21-39-25,0.9133333333333333,1,0.2813459712801255,0,1,0.7924735231604427,0.7600754015147686,0.30357208199027874,0.5312435999512672,6.4497583992779255,950.9682277925313
palm-2-text,anli,zero-shot-cot,palm-2-text,anli,zero-shot-cot,589,1200,49.083333333333336,2023-11-25-21-16-42,1.2883333333333333,1,3.1638895717490207,0,80,0.7461938808268557,0.7220656983554363,0.2661885504248154,0.386625699698925,6.037422303110361,895.4326569922268
palm-2-text,anli,null-shot,palm-2-text,anli,null-shot,606,1200,50.5,2023-11-25-20-53-45,0.9633333333333334,1,0.2008039397577193,0,2,0.7784523729265977,0.7417046017944813,0.3602670904571055,0.5141818001866341,6.245471403002739,934.1428475119174
palm-2-text,triviaqa,zero-shot,palm-2-text,triviaqa,zero-shot,642,1000,64.2,2023-11-30-16-51-29,9.316,9,5.9776369913202325,0,40,1.012763303015381,0.571006502956152,1.2443532675468987,0.46979209780693054,10.27775640040636,1012.7633030153811
palm-2-text,triviaqa,null-shot-cot,palm-2-text,triviaqa,null-shot-cot,637,1000,63.7,2023-11-30-17-59-34,12.227,9,23.938744139991975,0,341,0.8308929904215038,0.5991711989045143,0.8992701105901112,0.48253369703888893,11.257752001285553,830.8929904215038
palm-2-text,triviaqa,zero-shot-cot,palm-2-text,triviaqa,zero-shot-cot,667,1000,66.7,2023-11-30-17-38-53,107.07,108,53.7144030963763,0,487,0.8857329106479883,0.7250266000628471,0.6756594891820379,0.5032951012253761,6.164563797414303,885.7329106479883
palm-2-text,triviaqa,null-shot,palm-2-text,triviaqa,null-shot,687,1000,68.7,2023-11-30-17-15-57,9.96,9,5.785360835764709,0,57,0.9456809650957584,0.6062586009502411,1.046568046153051,0.4883396029472351,10.696628600358963,945.6809650957584
palm-2-text,race-m,zero-shot,palm-2-text,race-m,zero-shot,1187,1436,82.66016713091922,2023-11-29-14-21-10,0.967966573816156,1,0.32160641181335137,0,2,1.0898144481117347,0.8444958999752998,0.8323695293725434,0.5120443031191826,6.792970798909664,1564.973547488451
palm-2-text,race-m,null-shot-cot,palm-2-text,race-m,null-shot-cot,1185,1436,82.52089136490251,2023-11-29-16-10-16,1.123259052924791,1,5.011211882546676,0,164,1.0930187266921847,0.8242010995745659,0.8231398101909717,0.5470845997333527,7.6640502996742725,1569.5748915299773
palm-2-text,race-m,zero-shot-cot,palm-2-text,race-m,zero-shot-cot,400,1436,27.85515320334262,2023-11-29-15-34-49,96.19220055710306,74,127.5112069809649,0,1351,1.2790414645391046,0.9389118999242783,0.99471501489132,0.550992701202631,10.344091102480888,1836.7035430781543
palm-2-text,race-m,null-shot,palm-2-text,race-m,null-shot,1209,1436,84.19220055710306,2023-11-29-14-53-23,0.9603064066852368,1,0.24291845723829342,0,2,1.5178695917259226,0.9294244013726711,1.4571799920263226,0.5426606014370918,12.11110569909215,2179.660733718425
palm-2-text,strategyqa,zero-shot,palm-2-text,strategyqa,zero-shot,1370,2290,59.82532751091703,2023-11-20-15-34-01,1.6323144104803493,2,0.7418873411173944,0,2,0.6271983137162855,0.5682860829983838,0.3114129583391623,0.4510989169939421,6.6188137080171145,1436.284138410294
palm-2-text,strategyqa,null-shot-cot,palm-2-text,strategyqa,null-shot-cot,1359,2290,59.34497816593887,2023-11-20-17-42-51,1.245414847161572,1,2.9808762270810756,0,113,0.6139691914756595,0.5813412079587579,0.19864125060949045,0.4633579590008594,5.317830124986358,1405.9894484792603
palm-2-text,strategyqa,zero-shot-cot,palm-2-text,strategyqa,zero-shot-cot,1432,2290,62.532751091703055,2023-11-20-16-59-58,76.07423580786026,81,38.01039492339685,0,214,0.674830445231271,0.6437480840249918,0.2842762611477009,0.5127310419920832,7.63157649995992,1545.3617195796105
palm-2-text,strategyqa,null-shot,palm-2-text,strategyqa,null-shot,1520,2290,66.37554585152839,2023-11-20-16-17-16,1.7532751091703056,2,0.5013520743757593,0,2,0.5631887131916332,0.5331909999949858,0.2092327586318552,0.443357834010385,4.588578124996275,1289.7021532088402
palm-2-text,wmt-ja-en,zero-shot,palm-2-text,wmt-ja-en,zero-shot,340,1000,34.0,2023-11-28-22-05-17,21.391,15,18.451832402230423,0,76,0.7324525021314621,0.5842233002185822,0.7653371886197072,0.15542590245604515,8.797374900430441,732.4525021314621
palm-2-text,wmt-ja-en,null-shot-cot,palm-2-text,wmt-ja-en,null-shot-cot,256,1000,25.6,2023-11-28-23-12-31,66.713,17,276.67329584005745,0,4881,0.89624732337147,0.6201844997704029,1.0528506229531212,0.18959129974246025,10.699107799679041,896.24732337147
palm-2-text,wmt-ja-en,zero-shot-cot,palm-2-text,wmt-ja-en,zero-shot-cot,118,1000,11.799999999999999,2023-11-28-22-48-39,138.496,75,418.2629316398954,0,4311,1.0622685569450259,0.7289537973701954,1.2586925062924705,0.15264910086989403,8.84300759807229,1062.268556945026
palm-2-text,wmt-ja-en,null-shot,palm-2-text,wmt-ja-en,null-shot,339,1000,33.900000000000006,2023-11-28-22-25-56,17.144,15,11.395580897874401,0,75,0.9119018251076341,0.5912562012672424,1.0783660251848421,0.18821299821138382,11.039682399481535,911.9018251076341
palm-2-text,winogrande,zero-shot,palm-2-text,winogrande,zero-shot,656,1267,51.77584846093133,2023-11-26-17-30-39,1.5485398579321232,2,0.665869240831634,0,2,0.7198345111249325,0.5710137002170086,0.6360961598531373,0.4785591997206211,6.056955300271511,912.0303255952895
palm-2-text,winogrande,null-shot-cot,palm-2-text,winogrande,null-shot-cot,5,1267,0.3946329913180742,2023-11-26-18-45-35,0.9676400947119179,1,0.23450100489531586,0,5,0.6683329807913435,0.5829796008765697,0.512614613992569,0.4856834001839161,7.860768500715494,846.7778866626322
palm-2-text,winogrande,zero-shot-cot,palm-2-text,winogrande,zero-shot-cot,226,1267,17.837411207576952,2023-11-26-18-20-47,86.14996053670087,89,42.22985088582496,0,381,0.75331168891987,0.6783863976597786,0.47301672854980775,0.4973781034350395,7.112993001937866,954.4459098614752
palm-2-text,winogrande,null-shot,palm-2-text,winogrande,null-shot,752,1267,59.35280189423836,2023-11-26-17-56-32,1.8247829518547751,2,0.8040455205652804,0,8,0.6445291925548049,0.6005300991237164,0.3370439934262617,0.47837330028414726,5.89596239849925,816.6184869669378
palm-2-text,wmt-en-ja,zero-shot,palm-2-text,wmt-en-ja,zero-shot,203,1000,20.3,2023-11-27-23-09-30,5.273,5,5.997538745185402,0,75,0.8226121446564794,0.6151124984025955,0.9100309494438479,0.18792380020022392,10.899138700217009,822.6121446564794
palm-2-text,wmt-en-ja,null-shot-cot,palm-2-text,wmt-en-ja,null-shot-cot,0,1000,0.0,2023-11-28-00-14-12,0.014,0,0.44249745761981174,0,14,0.9446470646895468,0.7781441994011402,0.7173401225999727,0.5638378001749516,6.268061600625515,944.6470646895468
palm-2-text,wmt-en-ja,zero-shot-cot,palm-2-text,wmt-en-ja,zero-shot-cot,61,1000,6.1,2023-11-27-23-51-20,34.858,0,234.87560928287144,0,5141,1.0003164537921547,0.6661229990422726,1.1367611852429884,0.2784532979130745,13.046668902039528,1000.3164537921548
palm-2-text,wmt-en-ja,null-shot,palm-2-text,wmt-en-ja,null-shot,198,1000,19.8,2023-11-27-23-30-48,5.096,4,5.158757990059245,0,39,0.7674683425426483,0.6068933010101318,0.651073062182883,0.4930706024169922,6.636530701071024,767.4683425426483
palm-2-text,gsm8k,zero-shot,palm-2-text,gsm8k,zero-shot,195,1319,14.783927217589083,2023-11-30-07-55-58,2.5890826383623957,2,1.4810613344031966,0,21,0.7838863671684554,0.6401372998952866,0.6232649876026433,0.4738183990120888,7.583212401717901,1033.9461182951927
palm-2-text,gsm8k,null-shot-cot,palm-2-text,gsm8k,null-shot-cot,574,1319,43.51781652767248,2023-11-30-09-19-26,116.33737680060652,87,132.29306402634907,0,1815,1.1508703018009798,0.9491389989852905,0.8396505286123649,0.5074827969074249,9.460790798068047,1517.9979280754924
palm-2-text,gsm8k,zero-shot-cot,palm-2-text,gsm8k,zero-shot-cot,794,1319,60.19711902956786,2023-11-30-08-49-29,184.91053828658073,168,109.82387665892882,0,1803,1.2403528752388648,1.0539193004369736,0.7937217814548637,0.6133171990513802,11.84678990021348,1636.0254424400628
palm-2-text,gsm8k,null-shot,palm-2-text,gsm8k,null-shot,217,1319,16.45185746777862,2023-11-30-08-22-33,2.602729340409401,2,1.2766730165497062,0,21,0.8125580698110508,0.6523600965738297,0.6701209313004836,0.4847992993891239,10.908427000045776,1071.764094080776
palm-2-text,aqua,zero-shot,palm-2-text,aqua,zero-shot,74,254,29.133858267716533,2023-11-19-16-21-33,0.9763779527559056,1,0.15186851592114892,0,1,0.6717965286582577,0.5935588330030441,0.4452965871498507,0.5003129169926979,5.526519750012085,170.63631827919744
palm-2-text,aqua,null-shot-cot,palm-2-text,aqua,null-shot-cot,11,254,4.330708661417323,2023-11-20-09-42-14,84.11023622047244,51,181.0098848106279,0,2281,1.004867951732402,0.8324130830005743,0.7979587554152392,0.5412923749827314,6.6961004579789005,255.2364597400301
palm-2-text,aqua,zero-shot-cot,palm-2-text,aqua,zero-shot-cot,25,254,9.84251968503937,2023-11-20-09-37-01,102.85433070866142,69,148.50429631681385,0,1229,0.991584041798909,0.8455253749853,0.7406502697769091,0.5148539160145447,6.338319959002547,251.86234661692288
palm-2-text,aqua,null-shot,palm-2-text,aqua,null-shot,72,254,28.346456692913385,2023-11-19-16-26-26,1.0,1,0.0,1,1,0.6620400544305471,0.6119718749832828,0.370285226423703,0.4869551669980865,5.984235708019696,168.15817382535897
palm-2-text,race-h,zero-shot,palm-2-text,race-h,zero-shot,2503,3498,71.55517438536306,2023-11-22-11-47-44,0.9311034877072613,1,0.4801359931404078,0,2,1.157518590362226,0.9916843995451927,0.7109631870145923,0.29946859925985336,9.834352001547813,4049.0000290870667
palm-2-text,race-h,null-shot-cot,palm-2-text,race-h,null-shot-cot,2528,3498,72.26986849628359,2023-11-22-18-10-25,1.5417381360777587,1,23.79958731301778,0,1315,1.185570459702122,1.0109216012060642,0.7260232498460544,0.3202138990163803,8.022533800452948,4147.1254680380225
palm-2-text,race-h,zero-shot-cot,palm-2-text,race-h,zero-shot-cot,876,3498,25.04288164665523,2023-11-22-16-36-16,131.80560320182963,92,182.3931580314276,0,2419,1.5227775629460727,1.2331602983176708,1.0412294803129603,0.45655569806694984,9.229792699217796,5326.675915185362
palm-2-text,race-h,null-shot,palm-2-text,race-h,null-shot,2595,3498,74.1852487135506,2023-11-22-13-05-12,0.9130931961120641,1,0.3624689539821842,0,2,1.2524696429504487,1.056657399982214,0.782413884571524,0.30034590139985085,10.64762270078063,4381.13881104067
llama-2-7b,anli,zero-shot,llama-2-7b,anli,zero-shot,395,1200,32.916666666666664,2023-11-28-01-22-45,15960.916666666666,16290,3922.5222939314135,74,31263,109.3499537801498,109.54127958603203,6.243631060608962,0.8449903540313244,116.73874360322952,131219.94453617977
llama-2-7b,anli,null-shot,llama-2-7b,anli,null-shot,410,1200,34.166666666666664,2023-11-29-13-49-53,15341.078333333333,15271,2671.8883432628472,3986,22677,108.71910765700197,108.85857908474281,0.7568171440834935,105.53475789772347,110.10095875989646,130462.92918840237
llama-2-7b,triviaqa,zero-shot,llama-2-7b,triviaqa,zero-shot,648,1000,64.8,2023-12-09-13-18-48,14605.267,15101,3614.7584427885354,131,22031,109.2230927686831,111.84061407716945,18.475851462368553,1.0147245228290558,120.79886589711532,109223.0927686831
llama-2-7b,triviaqa,null-shot,llama-2-7b,triviaqa,null-shot,654,1000,65.4,2023-12-10-19-39-18,14971.688,15055,2502.7330546136955,250,30201,110.849258146415,111.21476716408506,5.679718046737758,1.7154375333338976,111.58750287489966,110849.258146415
llama-2-7b,race-m,zero-shot,llama-2-7b,race-m,zero-shot,389,1436,27.0891364902507,2023-12-01-21-43-09,12846.82242339833,12849,1886.3520777849196,3792,19123,181.33773335213428,181.38775375200203,4.272886615036453,166.21611133601982,191.31715143099427,260400.98509366484
llama-2-7b,race-m,null-shot,llama-2-7b,race-m,null-shot,435,1436,30.292479108635096,2023-12-04-22-03-13,13402.671309192201,13436,2294.027219759733,5811,60179,180.23825813107229,180.2926490130485,4.2721401508896,165.1094511830015,190.26266256399686,258822.1386762198
llama-2-7b,strategyqa,zero-shot,llama-2-7b,strategyqa,zero-shot,1167,2290,50.96069868995633,2023-11-21-16-36-28,14830.026637554585,15097,3050.8223950584224,304,28991,110.23356585062422,111.73524859105237,10.77717254971388,2.5812875810079277,113.00206769490615,252434.86579792947
llama-2-7b,strategyqa,null-shot,llama-2-7b,strategyqa,null-shot,1164,2290,50.8296943231441,2023-11-24-21-50-33,14699.373799126637,14744,2513.769023065215,613,32055,110.82000239354723,110.9187188372016,3.8011093065772603,4.751399850007147,118.64476577797905,253777.80548122316
llama-2-7b,winogrande,zero-shot,llama-2-7b,winogrande,zero-shot,573,1267,45.2249408050513,2023-12-01-10-02-15,12841.256511444357,12767,3436.1233242298395,740,29172,111.57576837207448,111.5864777979441,0.1184996735390466,111.09811910660937,112.14952584309503,141366.49852741836
llama-2-7b,winogrande,null-shot,llama-2-7b,winogrande,null-shot,561,1267,44.277821625887924,2023-12-03-01-18-30,13322.044988161011,13331,2682.8369404938408,6126,22043,111.02372941372279,111.04086360195652,0.1136619857546621,110.50003636209294,111.27668320341036,140667.06516718678
llama-2-7b,gsm8k,zero-shot,llama-2-7b,gsm8k,zero-shot,38,1319,2.8809704321455647,2023-12-05-15-02-50,10009.9613343442,11842,4965.670356582401,248,19097,111.8152938181389,111.14927116781473,3.7201770977155597,7.349739462137222,118.60462958784774,147484.3725461252
llama-2-7b,gsm8k,null-shot,llama-2-7b,gsm8k,null-shot,42,1319,3.184230477634572,2023-12-07-08-01-03,12505.31766489765,12787,2629.2198965695834,3961,25537,110.33624269806627,110.43135470990092,0.5641209393109379,107.55111891310662,111.38630300294608,145533.5041187494
llama-2-7b,aqua,zero-shot,llama-2-7b,aqua,zero-shot,65,254,25.590551181102363,2023-11-20-13-50-22,11006.200787401574,11129,3662.011681326618,502,20868,110.0824463504218,110.11308965482749,0.4826630462811745,108.31221636501141,111.33804102800786,27960.94137300714
llama-2-7b,aqua,null-shot,llama-2-7b,aqua,null-shot,53,254,20.866141732283463,2023-11-20-21-36-25,11474.822834645669,11867,3150.6268211659467,3974,20449,109.52457079970128,109.54214249015786,0.47983407953032664,107.77306059212424,110.74524736800231,27819.240983124124
gpt-4-turbo,anli,zero-shot,gpt-4-turbo,anli,zero-shot,770,1200,64.16666666666667,2023-11-26-07-48-10,335.53,353,154.65797457615972,10,865,2.6567576216006032,2.5826709009706974,1.3255647979390879,0.46693309769034386,14.728074297308922,3188.1091459207237
gpt-4-turbo,anli,null-shot-cot,gpt-4-turbo,anli,null-shot-cot,571,1200,47.583333333333336,2023-11-26-12-25-11,1241.2,1252,430.2520114227623,284,2684,9.40937876136663,9.20374520123005,4.381377843463714,1.9524921998381615,46.48205700144172,11291.254513639957
gpt-4-turbo,anli,zero-shot-cot,gpt-4-turbo,anli,zero-shot-cot,626,1200,52.166666666666664,2023-11-26-09-32-44,1134.0491666666667,1137,382.0490654562215,266,2678,8.595415979931131,8.344340700656176,3.325792504460452,2.0455976985394955,39.74639080092311,10314.499175917357
gpt-4-turbo,anli,null-shot,gpt-4-turbo,anli,null-shot,768,1200,64.0,2023-11-26-08-41-54,295.49583333333334,343,194.11391410536692,10,935,2.500491190928345,2.5375220999121666,2.2889372235773435,0.4570244997739792,35.438231602311134,3000.589429114014
gpt-4-turbo,triviaqa,zero-shot,gpt-4-turbo,triviaqa,zero-shot,854,1000,85.39999999999999,2023-12-03-19-00-27,287.693,276,192.24531398970427,28,2067,3.262633683051914,2.990863900631666,1.9969647239131427,0.5917250029742718,25.633224599063396,3262.633683051914
gpt-4-turbo,triviaqa,null-shot-cot,gpt-4-turbo,triviaqa,null-shot-cot,853,1000,85.3,2023-12-03-21-57-50,509.981,444,376.39844133444547,32,2671,5.5382283808067445,4.6831563003361225,4.096117867153416,0.7258284986019135,56.309207402169704,5538.228380806744
gpt-4-turbo,triviaqa,zero-shot-cot,gpt-4-turbo,triviaqa,zero-shot-cot,862,1000,86.2,2023-12-03-20-35-24,466.379,430,232.80837476130452,58,1776,4.922443202488124,4.417859401553869,2.7032606541120314,0.786415196955204,35.91327369958162,4922.443202488124
gpt-4-turbo,triviaqa,null-shot,gpt-4-turbo,triviaqa,null-shot,846,1000,84.6,2023-12-03-19-55-14,191.704,119,180.29651240109993,25,1916,2.3872962847799064,1.7519170008599758,1.7872490505983423,0.6003536991775036,17.00374050065875,2387.2962847799063
gpt-4-turbo,race-m,zero-shot,gpt-4-turbo,race-m,zero-shot,1335,1436,92.96657381615599,2023-12-02-17-10-42,100.21657381615599,31,175.28063778288814,4,1524,2.1960853898332227,1.1192639991641045,2.8454080783324134,0.5113338008522987,38.829302698373795,3153.578619800508
gpt-4-turbo,race-m,null-shot-cot,gpt-4-turbo,race-m,null-shot-cot,967,1436,67.33983286908078,2023-12-02-23-55-40,804.3600278551532,700,467.9505119788634,12,3065,9.855447197213644,8.36274579912424,7.150412902495259,0.6502235010266304,122.64832359924912,14152.422175198793
gpt-4-turbo,race-m,zero-shot-cot,gpt-4-turbo,race-m,zero-shot-cot,1027,1436,71.51810584958217,2023-12-02-18-44-05,976.1128133704735,976,476.6693826595804,25,2832,12.989088191163095,11.426093999296427,10.037972922993657,1.5254640020430088,126.73901699855924,18652.330642510206
gpt-4-turbo,race-m,null-shot,gpt-4-turbo,race-m,null-shot,1339,1436,93.24512534818942,2023-12-02-18-03-53,57.68941504178273,27,111.033682934042,4,1323,1.6538850526068578,1.0330771021544933,2.4228844169984103,0.5278840027749538,33.62935899943113,2374.9789355434477
gpt-4-turbo,strategyqa,zero-shot,gpt-4-turbo,strategyqa,zero-shot,1714,2290,74.8471615720524,2023-11-21-15-01-16,436.2510917030568,419,202.4032408027461,7,1848,6.0492104382949625,5.509588900953531,3.2877058321816537,0.473064299672842,42.105142299085855,13852.691903695464
gpt-4-turbo,strategyqa,null-shot-cot,gpt-4-turbo,strategyqa,null-shot-cot,1419,2290,61.9650655021834,2023-11-22-06-24-41,835.5013100436681,715,413.21578600792094,61,2552,7.234279619485921,6.333695702254772,3.7787688954456096,0.6787406988441944,39.91579049825668,16566.50032862276
gpt-4-turbo,strategyqa,zero-shot-cot,gpt-4-turbo,strategyqa,zero-shot-cot,1453,2290,63.44978165938865,2023-11-22-00-09-24,830.204366812227,774,380.348177858321,25,2469,9.803842705815185,8.544692501425743,6.578574275956892,1.8356109000742435,126.95438100025058,22450.799796316773
gpt-4-turbo,strategyqa,null-shot,gpt-4-turbo,strategyqa,null-shot,1416,2290,61.83406113537118,2023-11-21-18-53-09,580.1646288209607,527,346.97461174312775,7,1968,8.259442913750243,7.170029599219561,5.718557653311166,0.5084488987922668,81.03045150265098,18914.124272488058
gpt-4-turbo,wmt-ja-en,zero-shot,gpt-4-turbo,wmt-ja-en,zero-shot,279,1000,27.900000000000002,2023-12-01-10-55-40,67.915,17,151.23777231564858,3,956,1.710251623917371,0.8579340018332005,2.586506138085664,0.39847129955887794,37.563778799027205,1710.251623917371
gpt-4-turbo,wmt-ja-en,null-shot-cot,gpt-4-turbo,wmt-ja-en,null-shot-cot,1,1000,0.1,2023-12-01-13-58-55,1011.342,886,603.7524782855971,25,2661,38.240480657331645,24.22261269763112,36.203951790276726,1.6669321991503239,127.04381829872727,38240.480657331645
gpt-4-turbo,wmt-ja-en,zero-shot-cot,gpt-4-turbo,wmt-ja-en,zero-shot-cot,1,1000,0.1,2023-12-01-12-07-17,355.798,343,137.73027697641507,59,937,6.67510308136046,6.2150340005755424,3.288621260936736,1.4419186003506184,41.990690000355244,6675.103081360459
gpt-4-turbo,wmt-ja-en,null-shot,gpt-4-turbo,wmt-ja-en,null-shot,244,1000,24.4,2023-12-01-11-24-38,111.584,20,205.82008877658166,4,1241,2.532425763748586,0.9163696020841599,3.8701014043334245,0.4494735971093178,49.115625001490116,2532.425763748586
gpt-4-turbo,winogrande,zero-shot,gpt-4-turbo,winogrande,zero-shot,931,1267,73.48066298342542,2023-11-27-05-55-17,77.47750591949487,10,133.71294191576382,3,1003,1.2549291079145015,0.5576986968517303,2.8099023283294087,0.38691139966249466,40.8104901984334,1589.9951797276735
gpt-4-turbo,winogrande,null-shot-cot,gpt-4-turbo,winogrande,null-shot-cot,821,1267,64.79873717442779,2023-11-27-08-35-58,463.4112075769534,401,259.7639641986044,101,2883,3.6973577741601145,3.124092698097229,2.0893117980532594,0.9020997025072575,21.702471800148487,4684.552299860865
gpt-4-turbo,winogrande,zero-shot-cot,gpt-4-turbo,winogrande,zero-shot-cot,658,1267,51.93370165745856,2023-11-27-07-05-21,555.3922651933701,503,247.104044634368,149,2028,4.26728667439371,3.7455472014844418,2.697887607914772,1.113909900188446,35.6284416988492,5406.6522164568305
gpt-4-turbo,winogrande,null-shot,gpt-4-turbo,winogrande,null-shot,707,1267,55.80110497237569,2023-11-27-06-23-34,162.629044988161,33,203.20305211202802,3,1327,1.91978611096434,0.9522852972149849,3.3467121236826394,0.3821270987391472,35.08152949810028,2432.3690025918186
gpt-4-turbo,wmt-en-ja,zero-shot,gpt-4-turbo,wmt-en-ja,zero-shot,263,1000,26.3,2023-11-28-10-30-01,44.79,11,105.68602509319797,2,828,1.715151789944619,1.1569071002304554,1.9400487165308706,0.5432869009673595,31.98651509732008,1715.151789944619
gpt-4-turbo,wmt-en-ja,null-shot-cot,gpt-4-turbo,wmt-en-ja,null-shot-cot,0,1000,0.0,2023-11-28-14-15-38,1231.669,1242,567.3258600125675,25,2670,26.589664897616952,21.151765998452902,23.035465087714407,1.4758855998516083,126.89660739898682,26589.664897616953
gpt-4-turbo,wmt-en-ja,zero-shot-cot,gpt-4-turbo,wmt-en-ja,zero-shot-cot,0,1000,0.0,2023-11-28-12-32-38,381.87,397,197.40612224548644,39,1517,6.156318233195693,5.970265798270702,3.176718867357492,0.8446280993521214,35.8376259021461,6156.318233195692
gpt-4-turbo,wmt-en-ja,null-shot,gpt-4-turbo,wmt-en-ja,null-shot,84,1000,8.4,2023-11-28-10-58-57,306.336,312,235.08651833739862,1,1253,5.598248614866287,5.072967201471329,4.5411370946578264,0.4855884984135628,37.39735599979758,5598.2486148662865
gpt-4-turbo,gsm8k,zero-shot,gpt-4-turbo,gsm8k,zero-shot,980,1319,74.29871114480667,2023-12-03-03-52-13,703.7687642153146,675,252.38239887896546,25,2015,10.569987398259471,9.630928002297878,6.381797253606789,2.4680323973298073,126.80862729996443,13941.813378304243
gpt-4-turbo,gsm8k,null-shot-cot,gpt-4-turbo,gsm8k,null-shot-cot,971,1319,73.61637604245641,2023-12-03-14-46-30,967.8559514783927,936,288.9171840159347,320,2472,11.52405838322931,10.569297600537539,5.295823004414247,3.4617995992302895,55.80502249673009,15200.233007479459
gpt-4-turbo,gsm8k,zero-shot-cot,gpt-4-turbo,gsm8k,zero-shot-cot,982,1319,74.45034116755117,2023-12-03-11-37-20,784.0500379075057,757,253.9273126990677,200,1927,8.578531196040128,7.862511899322271,4.015569270860484,2.257803600281477,68.3936306014657,11315.082647576928
gpt-4-turbo,gsm8k,null-shot,gpt-4-turbo,gsm8k,null-shot,965,1319,73.1614859742229,2023-12-03-07-45-11,743.0379075056861,716,271.48922142505177,25,2222,10.533319442464467,8.611801501363516,9.147475450384563,1.8552836999297142,126.59860530123115,13893.448344610631
gpt-4-turbo,aqua,zero-shot,gpt-4-turbo,aqua,zero-shot,196,254,77.16535433070865,2023-11-19-18-13-32,1059.732283464567,884,567.2333526506993,25,3375,10.052982062865741,7.631706459011184,9.635791307830749,2.121049125009449,126.92792175000068,2553.457443967898
gpt-4-turbo,aqua,null-shot-cot,gpt-4-turbo,aqua,null-shot-cot,195,254,76.77165354330708,2023-11-20-13-13-30,1030.7125984251968,974,466.3631025119662,25,2249,26.732806185877553,16.886396707966924,29.320481360364447,4.196848957973998,127.96840775001328,6790.132771212899
gpt-4-turbo,aqua,zero-shot-cot,gpt-4-turbo,aqua,zero-shot-cot,192,254,75.59055118110236,2023-11-20-11-23-28,1054.6377952755906,992,471.02052330515994,25,2741,25.987039697817142,16.48376241599908,27.45269608379287,4.155525208974723,127.00059816602152,6600.708083245554
gpt-4-turbo,aqua,null-shot,gpt-4-turbo,aqua,null-shot,192,254,75.59055118110236,2023-11-19-19-56-17,1121.3267716535433,997,595.3254250611369,25,3319,15.726146338209505,10.708294750016648,19.928440504591105,2.7006059999985155,127.31902433300274,3994.4411699052143
gpt-4-turbo,race-h,zero-shot,gpt-4-turbo,race-h,zero-shot,3099,3498,88.5934819897084,2023-11-24-12-09-42,145.9739851343625,48,218.05662044005456,6,2023,2.050723778488612,1.0442699007689953,2.3400605588849666,0.4494869001209736,29.405627001076937,7173.431777153164
gpt-4-turbo,race-h,null-shot-cot,gpt-4-turbo,race-h,null-shot-cot,1969,3498,56.289308176100626,2023-11-25-09-51-29,1090.4917095483133,1005,514.7920117846122,30,3272,9.529374735733402,8.52525569871068,5.017473025679684,0.7829498015344143,48.67350070178509,33333.75282559544
gpt-4-turbo,race-h,zero-shot-cot,gpt-4-turbo,race-h,zero-shot-cot,2154,3498,61.57804459691252,2023-11-24-19-57-00,1335.198113207547,1384,462.00954453530835,158,2697,14.278090043155302,13.264314599335194,8.127129584998114,1.7578862980008125,126.14146979898214,49944.75897095725
gpt-4-turbo,race-h,null-shot,gpt-4-turbo,race-h,null-shot,3112,3498,88.96512292738707,2023-11-24-14-10-53,96.60548885077186,44,173.47285933496164,4,2171,1.6914481471482774,0.9994034990668297,2.486981768848967,0.447171401232481,36.73243020102382,5916.685618724674
gpt-3.5-turbo,anli,zero-shot,gpt-3.5-turbo,anli,zero-shot,581,1200,48.41666666666667,2023-11-26-03-53-38,61.9,14,102.90493995269019,10,554,2.8071441310240575,1.620099499821663,5.465271301502387,0.29396430030465126,63.28735540062189,3368.572957228869
gpt-3.5-turbo,anli,null-shot-cot,gpt-3.5-turbo,anli,null-shot-cot,269,1200,22.416666666666664,2023-11-26-07-03-10,290.2058333333333,296,109.39309149106356,10,716,2.2170457363687457,1.4305003993213177,4.029726417449219,0.30954309925436974,63.44488110020757,2660.4548836424947
gpt-3.5-turbo,anli,zero-shot-cot,gpt-3.5-turbo,anli,zero-shot-cot,507,1200,42.25,2023-11-26-05-55-36,403.80833333333334,379,125.71467667124459,119,1025,3.35432179373689,1.5758812986314297,6.800281142361251,0.47301170229911804,64.21303159743547,4025.186152484268
gpt-3.5-turbo,anli,null-shot,gpt-3.5-turbo,anli,null-shot,560,1200,46.666666666666664,2023-11-26-04-51-06,230.49333333333334,251,120.53396460011676,10,585,3.1913273754063995,1.999184001237154,5.487330350448664,0.31658409908413887,63.899018701165915,3829.5928504876792
gpt-3.5-turbo,triviaqa,zero-shot,gpt-3.5-turbo,triviaqa,zero-shot,810,1000,81.0,2023-12-02-15-50-58,74.739,67,55.08830074525802,1,440,0.7090925337783992,0.6640871986746788,0.27464155947720703,0.27557479962706566,2.7492041997611523,709.0925337783992
gpt-3.5-turbo,triviaqa,null-shot-cot,gpt-3.5-turbo,triviaqa,null-shot-cot,809,1000,80.9,2023-12-02-16-38-30,566.408,552,280.3929555748505,4,1964,1.9035378806143999,1.8596099987626076,0.7244881816478502,0.3926629014313221,5.449807997792959,1903.5378806144
gpt-3.5-turbo,triviaqa,zero-shot-cot,gpt-3.5-turbo,triviaqa,zero-shot-cot,803,1000,80.30000000000001,2023-12-02-16-22-27,173.2,120,139.90571825340064,8,1035,0.9238189409561455,0.826869297772646,0.4050261663080683,0.3637466989457607,3.3508862033486366,923.8189409561455
gpt-3.5-turbo,triviaqa,null-shot,gpt-3.5-turbo,triviaqa,null-shot,820,1000,82.0,2023-12-02-16-03-56,224.622,210,127.54169167766278,4,890,1.079415976896882,1.008169200271368,0.42542218920989294,0.3364114984869957,3.3926666006445885,1079.415976896882
gpt-3.5-turbo,race-m,zero-shot,gpt-3.5-turbo,race-m,zero-shot,1226,1436,85.37604456824512,2023-12-02-11-18-59,38.8558495821727,25,57.59482408209097,4,574,0.5857183883786409,0.5327651016414165,0.23160637771709405,0.29957230016589165,2.3519318997859955,841.0916057117283
gpt-3.5-turbo,race-m,null-shot-cot,gpt-3.5-turbo,race-m,null-shot-cot,1157,1436,80.57103064066852,2023-12-02-12-26-35,209.8551532033426,195,164.81590952736641,6,951,0.9569461380668545,0.9002428017556667,0.9410011662031008,0.3090358003973961,32.988438099622726,1374.174654264003
gpt-3.5-turbo,race-m,zero-shot-cot,gpt-3.5-turbo,race-m,zero-shot-cot,1197,1436,83.35654596100278,2023-12-02-11-53-20,343.14275766016715,284,221.13498967654962,10,1623,1.3622138044903247,1.188732098788023,1.014001035611241,0.40457290038466454,31.840040396898985,1956.1390232481062
gpt-3.5-turbo,race-m,null-shot,gpt-3.5-turbo,race-m,null-shot,1204,1436,83.84401114206128,2023-12-02-11-35-45,63.749303621169915,30,90.96195043583694,4,555,0.6261349812066986,0.5550887994468212,0.2666243863531235,0.29976990073919296,2.487881600856781,899.1298330128193
gpt-3.5-turbo,strategyqa,zero-shot,gpt-3.5-turbo,strategyqa,zero-shot,1466,2290,64.0174672489083,2023-11-21-05-57-16,26.438864628820962,8,63.021684564509705,7,598,2.444585083268876,0.9854582995176315,6.0522456058668075,0.2915314994752407,65.09580450132489,5598.099840685725
gpt-3.5-turbo,strategyqa,null-shot-cot,gpt-3.5-turbo,strategyqa,null-shot-cot,1314,2290,57.37991266375546,2023-11-21-12-00-33,437.5480349344978,393,223.4776809740036,45,1755,4.708866989204261,1.9904571995139122,9.36828196887216,0.5334031991660595,99.56001120060682,10783.305405277759
gpt-3.5-turbo,strategyqa,zero-shot-cot,gpt-3.5-turbo,strategyqa,zero-shot-cot,1514,2290,66.11353711790393,2023-11-21-09-18-34,380.83842794759823,340,197.2166434714817,8,1244,4.218952282690585,1.9664358012378216,8.777931602321779,0.30517230182886124,97.29304850101471,9661.40072736144
gpt-3.5-turbo,strategyqa,null-shot,gpt-3.5-turbo,strategyqa,null-shot,1512,2290,66.02620087336246,2023-11-21-07-33-37,268.94366812227076,258,102.72189047642874,66,751,2.72425345224064,1.3901377022266388,5.8750576730022015,0.42940960079431534,65.54838639870286,6238.540405631065
gpt-3.5-turbo,wmt-ja-en,zero-shot,gpt-3.5-turbo,wmt-ja-en,zero-shot,257,1000,25.7,2023-11-29-05-31-59,19.31,16,13.802532376343102,2,185,1.4681407301463187,0.8513122014701366,4.034710827075284,0.33735400065779686,34.48415319994092,1468.1407301463187
gpt-3.5-turbo,wmt-ja-en,null-shot-cot,gpt-3.5-turbo,wmt-ja-en,null-shot-cot,0,1000,0.0,2023-11-29-06-55-18,531.18,506,311.07368194689826,37,3759,2.3074166861511767,1.88534240052104,3.2981750758539445,0.487977497279644,33.677085500210524,2307.4166861511767
gpt-3.5-turbo,wmt-ja-en,zero-shot-cot,gpt-3.5-turbo,wmt-ja-en,zero-shot-cot,0,1000,0.0,2023-11-29-06-33-05,64.617,57,28.73882932549619,28,416,1.3073423195518554,0.8913520015776157,3.2401110230861847,0.4430669993162155,32.487464401870966,1307.3423195518553
gpt-3.5-turbo,wmt-ja-en,null-shot,gpt-3.5-turbo,wmt-ja-en,null-shot,252,1000,25.2,2023-11-29-05-57-06,482.812,447,292.1551003422669,6,3648,2.1327464529313147,1.855375699698925,2.7043744675883374,0.36735330149531364,34.772675700485706,2132.7464529313147
gpt-3.5-turbo,winogrande,zero-shot,gpt-3.5-turbo,winogrande,zero-shot,760,1267,59.98421468034728,2023-11-26-23-56-24,9.022888713496448,9,4.480276536462872,3,112,5.704094726180668,1.6782638989388943,12.308362543048874,0.3014704994857311,98.04492339864373,7227.088018070906
gpt-3.5-turbo,winogrande,null-shot-cot,gpt-3.5-turbo,winogrande,null-shot-cot,577,1267,45.54064719810576,2023-11-27-04-48-38,284.991318074191,257,184.71093247282175,4,1312,3.129804940428217,1.9167118035256863,5.253298293561552,0.3242284990847111,37.51467730104923,3965.4628595225513
gpt-3.5-turbo,winogrande,zero-shot-cot,gpt-3.5-turbo,winogrande,zero-shot-cot,648,1267,51.14443567482242,2023-11-27-03-23-54,250.8184688239937,232,127.05686801356137,5,952,3.9884570190049384,1.7434725016355515,7.893356084049306,0.40638430044054985,66.67801659926772,5053.375043079257
gpt-3.5-turbo,winogrande,null-shot,gpt-3.5-turbo,winogrande,null-shot,746,1267,58.879242304656664,2023-11-27-01-58-04,160.20126282557223,159,110.38043447147534,6,522,4.029774692080085,1.6423712000250816,8.022680894598723,0.30483710020780563,68.66315940022469,5105.724534865469
gpt-3.5-turbo,wmt-en-ja,zero-shot,gpt-3.5-turbo,wmt-en-ja,zero-shot,207,1000,20.7,2023-11-28-06-47-00,14.149,11,15.664252264311875,1,262,3.104134147208184,1.6012318022549152,6.573296857808642,0.35400889813899994,66.62416899949312,3104.134147208184
gpt-3.5-turbo,wmt-en-ja,null-shot-cot,gpt-3.5-turbo,wmt-en-ja,null-shot-cot,6,1000,0.6,2023-11-28-09-28-51,400.454,347,236.01319430065772,13,1490,3.647916473593563,1.8603607006371021,6.9736959421998845,0.5876500010490417,63.75902760028839,3647.916473593563
gpt-3.5-turbo,wmt-en-ja,zero-shot-cot,gpt-3.5-turbo,wmt-en-ja,zero-shot-cot,25,1000,2.5,2023-11-28-08-45-05,53.3,48,33.930104627012206,2,359,2.598403538759798,0.9639591984450817,5.890538618989091,0.3846147991716862,36.52700649946928,2598.403538759798
gpt-3.5-turbo,wmt-en-ja,null-shot,gpt-3.5-turbo,wmt-en-ja,null-shot,238,1000,23.799999999999997,2023-11-28-07-39-19,329.377,277,206.86787297934873,7,1669,3.9234515588358043,2.7765869982540607,5.566875132017023,0.5520935989916325,66.64469080045819,3923.4515588358045
gpt-3.5-turbo,gsm8k,zero-shot,gpt-3.5-turbo,gsm8k,zero-shot,724,1319,54.890068233510235,2023-12-02-12-51-00,258.2918877937832,223,169.3883135748707,7,1069,1.3836835785129922,1.2286248989403248,1.8720974297656006,0.35531890019774437,65.54928999766707,1825.0786400586367
gpt-3.5-turbo,gsm8k,null-shot-cot,gpt-3.5-turbo,gsm8k,null-shot-cot,841,1319,63.76042456406369,2023-12-02-14-56-43,564.6345716451857,525,237.16523330252207,166,2594,2.443419335549803,2.229747198522091,1.7127236845664402,0.8535749986767769,33.66629809886217,3222.8701035901904
gpt-3.5-turbo,gsm8k,zero-shot-cot,gpt-3.5-turbo,gsm8k,zero-shot-cot,876,1319,66.41394996209249,2023-12-02-14-07-38,525.0,498,198.59046517450412,152,1596,2.2082116466391213,2.0876819975674152,0.7014447150248566,0.9601994007825851,5.850156899541616,2912.631161917001
gpt-3.5-turbo,gsm8k,null-shot,gpt-3.5-turbo,gsm8k,null-shot,834,1319,63.229719484457924,2023-12-02-13-22-06,492.78999241849885,475,218.96199889073418,69,1668,2.0459783451604836,1.9289602003991604,1.5451760081945145,0.5401651002466679,36.81007619947195,2698.6454372666776
gpt-3.5-turbo,aqua,zero-shot,gpt-3.5-turbo,aqua,zero-shot,109,254,42.91338582677165,2023-11-19-17-28-45,328.88188976377955,325,267.2531641842759,4,1562,5.810286522786798,2.7312004170089494,11.249525179109746,0.34683279201271944,101.66218600000138,1475.8127767878468
gpt-3.5-turbo,aqua,null-shot-cot,gpt-3.5-turbo,aqua,null-shot-cot,141,254,55.51181102362205,2023-11-20-10-54-14,632.3031496062993,598,278.20706655267355,55,2066,6.903170903903793,3.37663070904091,10.261746615474014,0.7967564589926042,66.91762237501098,1753.4054095915635
gpt-3.5-turbo,aqua,zero-shot-cot,gpt-3.5-turbo,aqua,zero-shot-cot,146,254,57.48031496062992,2023-11-20-10-28-55,641.0511811023622,592,331.37017109854736,25,2807,5.978196257709546,2.7990102499898057,12.206503014397363,0.9400055000151042,126.74699258300825,1518.4618494582246
gpt-3.5-turbo,aqua,null-shot,gpt-3.5-turbo,aqua,null-shot,146,254,57.48031496062992,2023-11-19-17-53-24,598.0354330708661,536,324.0383998406195,65,3089,4.753517307914123,3.068605041014962,6.277320026779402,0.7149152919882908,38.51345083300839,1207.3933962101873
gpt-3.5-turbo,race-h,zero-shot,gpt-3.5-turbo,race-h,zero-shot,2859,3498,81.73241852487135,2023-11-23-14-21-54,52.949399656946824,40,65.79821285755796,4,757,9.790386437974645,2.0871566981077194,17.83734908096984,0.35090479999780655,126.67547609657049,34246.771760035306
gpt-3.5-turbo,race-h,null-shot-cot,gpt-3.5-turbo,race-h,null-shot-cot,2721,3498,77.78730703259005,2023-11-24-08-07-07,298.8676386506575,310,209.43811384870483,6,1200,4.123457889491665,1.8221101984381676,8.958712320473653,0.3016818016767502,101.8660199008882,14423.855697441846
gpt-3.5-turbo,race-h,zero-shot-cot,gpt-3.5-turbo,race-h,zero-shot-cot,2717,3498,77.67295597484278,2023-11-24-04-44-30,419.5225843339051,367,224.4734673413814,25,1741,3.4481539085023893,1.9697856977581978,6.890552467116611,0.4190342016518116,125.84358770027757,12061.642371941358
gpt-3.5-turbo,race-h,null-shot,gpt-3.5-turbo,race-h,null-shot,2825,3498,80.76043453401944,2023-11-23-23-55-04,83.26072041166381,44,111.4243510125421,4,857,4.916380405072453,1.7002081982791424,10.119005054721159,0.33430520072579384,99.13307659700513,17197.49865694344
